<?xml version="1.0" encoding="UTF-8"?>
<beans xmlns="http://www.springframework.org/schema/beans"
	xmlns:xsi="http://www.w3.org/2001/XMLSchema-instance"
	xmlns:context="http://www.springframework.org/schema/context"
	
	xmlns:mvc="http://www.springframework.org/schema/mvc"
	xmlns:device="http://www.springframework.org/schema/mobile/device"
	xsi:schemaLocation="http://www.springframework.org/schema/beans http://www.springframework.org/schema/beans/spring-beans-3.1.xsd
		http://www.springframework.org/schema/context http://www.springframework.org/schema/context/spring-context-3.1.xsd
		http://www.springframework.org/schema/mvc http://www.springframework.org/schema/mvc/spring-mvc-3.1.xsd
		 http://www.springframework.org/schema/mobile/device http://www.springframework.org/schema/mobile/device/spring-mobile-device-1.1.xsd">
	
		<!-- 扫描controller所在的包 -->	
	<context:component-scan base-package="fund.controller"/>
	<!-- 静态文件所在的位置 -->
	<mvc:resources location="/resources/" mapping="/resources/**"/>
	<mvc:annotation-driven/>
	
	<mvc:interceptors>    
    <mvc:interceptor>    
        <!-- 匹配的是url路径， 如果不配置或/**,将拦截所有的Controller -->  
        <!-- 拦截所有以admin开头的路径 -->  
        <mvc:mapping path="/admin/**" />  
       
        <bean class="fund.interceptor.CommonInterceptor"></bean>    
    </mvc:interceptor>  
     

</mvc:interceptors>  

	<!-- 上传文件 -->
    <bean id="multipartResolver" class="org.springframework.web.multipart.commons.CommonsMultipartResolver">
    <property name="maxUploadSize" value="5000000"/>
    </bean>
	
	

</beans>
