<?xml version="1.0" encoding="UTF-8"?>
<beans xmlns="http://www.springframework.org/schema/beans"
	xmlns:xsi="http://www.w3.org/2001/XMLSchema-instance"
	xmlns:context="http://www.springframework.org/schema/context"
	
	xmlns:mvc="http://www.springframework.org/schema/mvc"
	xmlns:device="http://www.springframework.org/schema/mobile/device"
	xsi:schemaLocation="http://www.springframework.org/schema/beans http://www.springframework.org/schema/beans/spring-beans-3.1.xsd
		http://www.springframework.org/schema/context http://www.springframework.org/schema/context/spring-context-3.1.xsd
		http://www.springframework.org/schema/mvc http://www.springframework.org/schema/mvc/spring-mvc-3.1.xsd
		 http://www.springframework.org/schema/mobile/device http://www.springframework.org/schema/mobile/device/spring-mobile-device-1.1.xsd">
	
			
	<context:component-scan base-package="course.controller"/>
	<mvc:resources location="/resources/" mapping="/resources/**"/>
	<mvc:annotation-driven/>
	<mvc:interceptors>    
    <mvc:interceptor>    
        <!-- 匹配的是url路径， 如果不配置或/**,将拦截所有的Controller -->  
        <mvc:mapping path="/student/**" />  
       
        <bean class="course.interceptor.CommonInterceptor"></bean>    
    </mvc:interceptor>  
     

</mvc:interceptors>  

	<bean class="org.springframework.web.servlet.view.InternalResourceViewResolver">
		<property name="prefix" value="/WEB-INF/jsp/"/>
		<property name="suffix" value=".jsp"/>
	</bean>
	
	<bean id="exceptionResolver" class="org.springframework.web.servlet.handler.SimpleMappingExceptionResolver">
		<property name="exceptionMappings">
			<props>
				
				<prop key="course.exception.StudentException">error</prop>
			</props>
		</property>
	</bean>

</beans>
